"ID","assigned_sample_label","UAFID","samplewt_mg","Nsignal_V","pctN","del15N","N_mgkg","uncertainty15N_pmil","rundate","possibleID","field_station_number","type","type_b","Statelayer_rocktype","graphite","mica","mafic","muscovite","biotite","garnet","garent size","meta_grade","texture","grain-size","deformation","clastic","structures present","deform"
"3","00MBW601","3",100.158,0.205,0.00418893717490524,-1.542,41.8893717490524,1,230403,"00MBW601","00MBW601","meta","schist","schist","no","0.1",NA,"yes","yes","no",NA,"greenschist","well developped foliation","med/coarse","low",NA,"quartz/calcite phenocrysts","low"
"00MBW601 HS","00MBW601","3",100.074,0.577,0.0117164000661275,1.3,117.164000661275,0.1,230427,NA,"00MBW601","meta","schist","schist","no","0.1",NA,"yes","yes","no",NA,"greenschist","well developped foliation","med/coarse","low",NA,"quartz/calcite phenocrysts","low"
"00MBN684","00MBW684","12",99.682,0.174,0.00354708947621321,0.782,35.4708947621321,1,230427,NA,"00MBW684","ig","dacite","granite","no","0.05","0.25","yes","yes",NA,NA,NA,NA,"coarse",NA,NA,NA,NA
"12","00MBW684","12",100.195,0.12,0.00245115528853852,9.483,24.5115528853852,1,230403,"00MBW684","00MBW684","ig","dacite","granite","no","0.05","0.25","yes","yes",NA,NA,NA,NA,"coarse",NA,NA,NA,NA
"53","01Z451A","53",99.808,0.253,0.00518789046186884,-3.564,51.8789046186884,1,230403,"01Z451A","01Z451","meta","gneiss","gniess","no","0.1",NA,"yes","yes","yes","small","amphibolite","foliated","medium","low",NA,"no","low"
"01Z451A","01Z451A","53",100.168,0.128,0.00259669299057407,-1.223,25.9669299057407,1,230427,NA,"01Z451","meta","gneiss","gniess","no","0.1",NA,"yes","yes","yes","small","amphibolite","foliated","medium","low",NA,"no","low"
"01Z451A","01Z451A","53",100.188,2.837,0.0576154473482859,0.167,576.154473482859,0.1,230427,NA,"01Z451","meta","gneiss","gniess","no","0.1",NA,"yes","yes","yes","small","amphibolite","foliated","medium","low",NA,"no","low"
"43","02JEA625A","43",99.734,0.475,0.00974733745631553,3.036,97.4733745631552,0.1,230403,"02JEA625A","02JEA625","meta",NA,NA,"no",NA,NA,"no","yes","no",NA,"amphibolite",NA,"fine",NA,NA,"no",NA
"02JEA625A","02JEA625A","43",99.914,0.078,0.00158638244448243,3.117,15.8638244448243,2,230427,NA,"02JEA625","meta",NA,NA,"no",NA,NA,"no","yes","no",NA,"amphibolite",NA,"fine",NA,NA,"no",NA
"02MBW568A","02MBW568A","11",99.978,0.233,0.00473577559178635,0.973,47.3577559178635,1,230427,NA,"02MBW568","meta","schist","schist","no","0.15",NA,"yes","yes","yes","small","greenschist","well developped foliation","fine/med","low",NA,"no","low"
"02RN721A","02RN721A","36",100.202,0.173,0.00350840201402616,-2.538,35.0840201402616,1,230427,NA,"02RN721","meta","gneiss","gniess","no","0.05",NA,"no","yes","yes","small","amphibolite","well developped foliation","fine","moderate/high",NA,"banding","moderate-high"
"02Z638B","02Z638B",NA,99.677,0.095,0.00193672645697033,-0.866,19.3672645697033,2,230427,NA,NA,NA,NA,NA,NA,NA,NA,NA,NA,NA,NA,NA,NA,NA,NA,NA,NA,NA
"03JEA156A","03JEA156A","31",99.854,1.295,0.026353842141274,0.22,263.53842141274,0.1,230427,NA,"03JEA156","sed","mudstone","mudstone","no",NA,NA,NA,NA,NA,NA,NA,NA,"fine",NA,"yes",NA,NA
"03LF13A","03LF013A","18",99.825,0.068,0.00138423310767499,2.502,13.8423310767499,2,230427,NA,"03LF013","sed","chert","chert","no",NA,NA,NA,NA,NA,NA,NA,NA,"fine",NA,"no",NA,NA
"02LF015","03LF015","22",100.484,1.044,0.021112673052499,-0.486,211.12673052499,0.1,230427,NA,NA,NA,NA,NA,NA,NA,NA,NA,NA,NA,NA,NA,NA,NA,NA,NA,NA,NA
"03MBN39A","03MBW039A","21",99.824,0.606,0.0123360833307851,-1.233,123.360833307851,0.1,230427,NA,"03MBW039","meta","phyllite","phyllite","no","0.05",NA,"yes","yes","no",NA,"greenschist","slightfoliation","fine-med","none",NA,"no","none"
"39","03MBW154B","39",99.939,0.151,0.00309227121247317,1.408,30.9227121247317,1,230403,"03MBW154B","03LF013","sed","chert","chert","no",NA,NA,NA,NA,NA,NA,NA,NA,"fine",NA,"no",NA,NA
"03MBW154B","03MBW154B","39",99.835,0.07,0.00142480311604676,-6.998,14.2480311604676,2,230427,NA,"03LF013","sed","chert","chert","no",NA,NA,NA,NA,NA,NA,NA,NA,"fine",NA,"no",NA,NA
"03MBW251B","03MBW251B","41",100.04,1.514,0.0307533074917262,1.137,307.533074917262,0.1,230427,NA,"03MBW251","sed","chert","chert","no",NA,NA,NA,NA,NA,NA,NA,NA,"fine",NA,"no",NA,NA
"2","03RN204A","2",100.268,0.436,0.00889938031100909,1.006,88.9938031100909,0.1,230403,"03RN204A","03RN204","sed","chert","chert","no",NA,NA,NA,NA,NA,NA,NA,NA,"fine",NA,"no",NA,NA
"03RN204A","03RN204A","2",99.978,1.129,0.0229471701421751,3.874,229.471701421751,0.1,230427,NA,"03RN204","sed","chert","chert","no",NA,NA,NA,NA,NA,NA,NA,NA,"fine",NA,"no",NA,NA
"03RN206A","03RN206A","32",100.458,1.136,0.0229791226023157,-0.369,229.791226023157,0.1,230427,NA,"03RN206","sed","conglomerate","conglomerate","no",NA,NA,NA,NA,NA,NA,NA,NA,"coarse",NA,"yes",NA,NA
"03Z091A","03Z091A","40",99.956,0.126,0.00256154102167905,1.078,25.6154102167905,1,230427,NA,"03Z091","meta","serpentenite",NA,"no","0.05",NA,"yes","no","no",NA,NA,"no foliation","fine","none",NA,"no","none"
"40","03Z091A","40",100.258,0.082,0.0016739036069507,2.183,16.739036069507,2,230403,"03Z091A","03Z091","meta","serpentenite",NA,"no","0.05",NA,"yes","no","no",NA,NA,"no foliation","fine","none",NA,"no","none"
"03Z114A","03Z114A","20",44.09,0.308,0.0141954856883267,-2.531,141.954856883267,0.1,230427,NA,"03Z114","meta","phyllite","phyllite","no","0.05",NA,"yes","yes","no",NA,"greenschist","foliated","fine","low-moderate",NA,"bending in foliation","low-moderate"
"03Z116A","03Z116A","46",99.95,0.101,0.002053422015028,-2.997,20.53422015028,2,230427,NA,"03Z116","sed","chert","chert","no",NA,NA,NA,NA,NA,NA,NA,NA,"fine",NA,"no",NA,NA
"46","03Z116A","46",100.241,1.524,0.0311153869426282,3.053,311.153869426282,0.1,230403,"03Z116A","03Z116","sed","chert","chert","no",NA,NA,NA,NA,NA,NA,NA,NA,"fine",NA,"no",NA,NA
"54","03Z143A","54",99.727,1.002,0.0205631951179543,-1.177,205.631951179543,0.1,230403,"03Z143A","03Z143","sed","mudstone","mudstone","no",NA,NA,NA,NA,NA,NA,NA,NA,"fine",NA,NA,NA,NA
"03Z143A","03Z143A","54",99.844,0.769,0.0156711070663863,2.495,156.711070663863,0.1,230427,NA,"03Z143","sed","mudstone","mudstone","no",NA,NA,NA,NA,NA,NA,NA,NA,"fine",NA,NA,NA,NA
"03Z145A","03Z145A","23",99.764,0.435,0.00886043495569256,0.72,88.6043495569256,0.1,230427,NA,NA,NA,NA,NA,NA,NA,NA,NA,NA,NA,NA,NA,NA,NA,NA,NA,NA,NA
"6","07JEA 287","6",100.231,0.35,0.00714663514342627,-0.102,71.4663514342627,0.1,230403,"07JEA287A","07JEA287","meta","slate","slate","no","0.1",NA,"yes","no","no",NA,"zeolite","foliated","fine","min",NA,"platy cleavage","low"
"07JEA15AB","07JEA015A","5",100.213,1.027,0.0208250483621276,1.703,208.250483621276,0.1,230427,NA,"07JEA015","meta","phyllite","phyllite","no","0.05",NA,"yes","yes","no",NA,"greenschist","slight foliation","fine","min",NA,"no","low"
"55","07JEA136A","55",100.147,0.873,0.0178407015944859,-0.645,178.407015944859,0.1,230403,"07JEA136A","07JEA136","meta","phyllite","pyhllite","no","0.1",NA,"yes","yes","no",NA,"greenschist","well developped foliation","fine/med","low",NA,"slight folding","low"
"07JEA136A","07JEA136A","55",99.664,0.074,0.00151073647809415,4.722,15.1073647809415,2,230427,NA,"07JEA136","meta","phyllite","pyhllite","no","0.1",NA,"yes","yes","no",NA,"greenschist","well developped foliation","fine/med","low",NA,"slight folding","low"
"07JEA287AB HSTX","07JEA287A","6",99.948,0.126,0.00256174605157633,2.73,25.6174605157633,1,230427,NA,NA,NA,NA,NA,NA,NA,NA,NA,NA,NA,NA,NA,NA,NA,NA,NA,NA,NA
"07MBW2861A","07MBW286A","14",99.782,0.235,0.00478580827436299,-1.71,47.8580827436299,1,230427,NA,"07MBW286","meta","schist","schist","no","0.1",NA,"yes","yes","yes","small","greenschist","foliated","coarse","none",NA,"no","none"
"07MBW290A HSTX","07MBW290A","4",99.877,1.963,0.0399387482424392,1.782,399.387482424392,0.1,230427,NA,"07MBW290","ig","granite","granite","no",">5%","0.05","yes","no",NA,NA,NA,NA,"fine",NA,NA,NA,NA
"07MBW560A HS","07MBW560A","7",100.167,0.229,0.00464569243245651,1.445,46.4569243245651,1,230427,NA,"07MBW560","meta","schist","schist","no","0.1",NA,"yes","yes","yes","small","greenschist","foliated","fine/med","low",NA,"no","low"
"07MBW696B","07MBW696B","8",99.823,1.438,0.0292730454407415,7.72,292.730454407415,0.1,230427,NA,"07MBW696","meta","schist","schist","no","0.1",NA,"yes","yes","yes","small","greenschist","schistocity","fine/med","low",NA,"calcite/quartz lens present ~1cm","low"
"07Z447A","07Z447A","24",99.691,1.478,0.0301271548822721,1.071,301.271548822721,0.1,230427,NA,"07Z447","meta","phyllite","phyllite","yes","0.1",NA,"yes","yes","no",NA,"greenschist","slight foliation","fine","min",NA,"no","low"
"10BAE256B","10BAE256B","34",99.712,1.138,0.0231918008614841,-1.689,231.918008614841,0.1,230427,NA,"10BAE256","ig","dacite","granite","no","0.05","0.1","yes","yes",NA,NA,NA,NA,"fine/med",NA,NA,NA,NA
"1066183B","10GG183B","29",100.185,0.664,0.0134680591585725,-2.621,134.680591585725,0.1,230427,NA,"10GG183","meta","quartzite","quartzite","no","0",NA,"no","no","no",NA,"granulite","granoblastic","medium","none",NA,"no","none"
"12CW033B","12CW033B","28",100.139,0.742,0.0150570639047684,-0.986,150.570639047684,0.1,230427,NA,"12CW033B","ig","granite","granite","no","0.05","0.15","yes","yes",NA,NA,NA,NA,"fine-coarse",NA,NA,NA,NA
"15","12LF245A","15",100.099,4.528,0.0925789623875539,-1.111,925.789623875539,0.1,230403,"12LF247A","12LF245A","meta","gneiss","gniess","no","<5%",NA,"no","no","yes","small/medium","amphibolite","well developped foliation","fine-coarse","moderate-high",NA,"banding","moderate-high"
"12LF245A","12LF245A","25",99.835,1.059,0.0215552357127646,1.214,215.552357127646,0.1,230427,NA,"12LF245A","meta","gneiss","gniess","no","<5%",NA,"no","no","yes","small/medium","amphibolite","well developped foliation","fine-coarse","moderate-high",NA,"banding","moderate-high"
"12LF247A","12LF247A",NA,100.022,0.993,0.0201740620716149,-0.737,201.740620716149,0.1,230427,NA,"12LF247A","ig","granite","granite","no","0.05","0.35","yes","yes",NA,NA,NA,NA,"medium",NA,NA,NA,NA
"12LF247A 1302-11","12LF247A",NA,100.152,0.116,0.00235362897174884,-0.59,23.5362897174884,1,230427,NA,"12LF247A","ig","granite","granite","no","0.05","0.35","yes","yes",NA,NA,NA,NA,"medium",NA,NA,NA,NA
"12LF247A","12LF247A",NA,100.073,0.136,0.00276160542751104,1.471,27.6160542751104,1,230427,NA,"12LF247A","ig","granite","granite","no","0.05","0.35","yes","yes",NA,NA,NA,NA,"medium",NA,NA,NA,NA
"38","12MJB002A","38",99.709,0.251,0.00515198975167023,-15.343,51.5198975167023,1,230403,"12MJB002A",NA,NA,NA,NA,NA,NA,NA,NA,NA,NA,NA,NA,NA,NA,NA,NA,NA,NA
"12RN062B","12RN062B","35",100.191,0.311,0.00630770416178732,-4.443,63.0770416178732,0.1,230427,NA,"12RN062B","meta","schist","schist","no","0.15",NA,"yes","yes","yes","small","greenschist","well developped foliation","fine/med","low",NA,"**VERY WEATHERED","low"
"12RN459A","12RN459A","48",100.061,0.071,0.00144189338152691,-1.442,14.4189338152691,2,230427,NA,"12RN459A","ig","granite","granite","no","0.05","0.2","no","yes",NA,NA,NA,NA,"medium",NA,NA,NA,NA
"12RN490A","12RN490A","30",100.013,1.452,0.0295018873431379,-1.812,295.018873431379,0.1,230427,NA,"12RN490A","ig","granite","granite","no","0.1","0.2","yes","yes",NA,NA,NA,NA,"medium",NA,NA,NA,NA
"13RN559A","13RN559A","13",99.753,0.155,0.00315751462670395,-2.137,31.5751462670395,1,230427,NA,"13RN559A","ig","basalt","basalt","no","0","0.9","no","no",NA,NA,NA,NA,"fine",NA,NA,NA,NA
"13","13RN559A","13",99.541,0.21,0.0043177045864162,-0.445,43.177045864162,1,230403,"13RN559A","13RN559A","ig","basalt","basalt","no","0","0.9","no","no",NA,NA,NA,NA,"fine",NA,NA,NA,NA
"2012MBW2A","2012MBW002A",NA,99.612,0.09,0.00183599074668966,2.408,18.3599074668966,2,230427,NA,NA,"sed","volcanic breccia","conglomerate","no","0.05","yes","yes","yes",NA,NA,NA,NA,"fine/med",NA,"yes",NA,NA
"73AST393","73AST393","10",100.202,0.398,0.00807135261030295,4.819,80.7135261030295,0.1,230427,NA,"73AST393","ig","granite","granite","no",">5%","0.2","no","yes",NA,NA,NA,NA,"medium",NA,NA,NA,NA
"81MR83","81MR083","51",100.045,0.226,0.0045962999244566,-0.879,45.962999244566,1,230427,NA,"81MR083","meta","phyllite","phyllite","yes","0.05",NA,"yes","yes","no",NA,"greenschist","slight foliation","fine","low",NA,"no","low"
"SHEEP CK 2525","81MR106A","9",99.957,1.432,0.0291118257618829,5.107,291.118257618829,0.1,230427,NA,NA,NA,NA,NA,NA,NA,NA,NA,NA,NA,NA,NA,NA,NA,NA,NA,NA,NA
"87MAI5","87MA015",NA,100.216,1.667,0.0338016712791671,2.351,338.016712791671,0.1,230427,NA,"87M","ig","granite","granite","no","0.1","0.4","yes","yes",NA,NA,NA,NA,"fine/med",NA,NA,NA,NA
"91KC223","91KC223","45",99.5,0.515,0.0105177728401468,3.163,105.177728401468,0.1,230427,NA,"91KC223","meta","schist","schist","no","0.15",NA,"yes","no","yes","medium","amphibolite","well developped foliation","sine-coarse","moderate",NA,"no","moderate"
"91LB9","91LB009","50",100.018,0.226,0.00459166200290511,-13.044,45.9166200290511,1,230427,NA,"91LB009","ig","granite","granite","no","0.1","0.2","yes","yes",NA,NA,NA,NA,"coarse",NA,NA,NA,NA
"49","91LB021","49",99.539,0.059,0.00121309375755331,-4.713,12.1309375755331,2,230403,"91LB021",NA,NA,NA,NA,NA,NA,NA,NA,NA,NA,NA,NA,NA,NA,NA,NA,NA,NA
"91LB21","91LB21","49",99.801,0.167,0.00340033117161984,-0.979,34.0033117161984,1,230427,NA,"91LB021","ig","dacite","granite","no",">5%","0.05","no","yes",NA,NA,NA,NA,"fine/med",NA,NA,NA,NA
"91RN11","91RN011","19",39.201,1.697,0.087967922391421,-4.646,879.67922391421,0.1,230427,NA,"91RN011","ig","quartz_diorite","granite","no","0.1","0.8","no","yes",NA,NA,NA,NA,"fine/med",NA,NA,NA,NA
"91SL62D","91SL062D","1",100.328,1.172,0.0237380530109953,1.073,237.380530109953,0.1,230427,NA,"91SL062D","meta","schist","schist","no","0.1",NA,"yes","no","no",NA,"greenschist","no foliation","fine/med","low",NA,"no","low"
"1","91SL062D","1",99.671,0.193,0.00396300046302984,7.695,39.6300046302984,1,230403,"91SL062D","91SL062D","meta","schist","schist","no","0.1",NA,"yes","no","no",NA,"greenschist","no foliation","fine/med","low",NA,"no","low"
"91SL67A","91SL067","52",100.268,1.01,0.0204953024214434,-1.238,204.953024214434,0.1,230427,NA,"91SL067","ig","gabbro","granite","no","0","0.9","no","no",NA,NA,NA,NA,"fine",NA,NA,NA,NA
"97KC03","97KC003","26",99.772,3.541,0.0721201941569007,-2.335,721.201941569007,0.1,230427,NA,"97KC003","sed","breccia","conglomerate","no",NA,NA,NA,NA,NA,NA,NA,NA,"coarse",NA,"yes",NA,NA
"26","97KC003","26",100.308,0.067,0.00136701997655993,7.333,13.6701997655993,2,230403,"97KC003","97KC003","sed","breccia","conglomerate","no",NA,NA,NA,NA,NA,NA,NA,NA,"coarse",NA,"yes",NA,NA
"97RR86A","97RR086A","47",100.085,0.318,0.00645650906312321,0.273,64.5650906312321,0.1,230427,NA,"97RR086A","ig","granite","granite","no","0.05","0.3","no","yes",NA,NA,NA,NA,"fine/med",NA,NA,NA,NA
"97SL77","97SL077","27",100.279,1.347,0.0272958887724594,-3.049,272.958887724594,0.1,230427,NA,"97SL077","sed","chert","chert","no",NA,NA,NA,NA,NA,NA,NA,NA,"fine",NA,"no",NA,NA
"9752159B","97SL159B","37",100.146,0.143,0.00290163023841557,-4.2,29.0163023841557,1,230427,NA,NA,NA,NA,NA,NA,NA,NA,NA,NA,NA,NA,NA,NA,NA,NA,NA,NA,NA
"C-4 peroxide","C-4 peroxide",NA,49.754,0.75,0.03,3.49,311.53,0.1,170217,NA,NA,NA,NA,NA,NA,NA,NA,NA,NA,NA,NA,NA,NA,NA,NA,NA,NA,NA
"C3 rocks","C3 rocks",NA,47.408,0.41,0.02,1.05,179.752788,0.1,170217,NA,NA,NA,NA,NA,NA,NA,NA,NA,NA,NA,NA,NA,NA,NA,NA,NA,NA,NA
"C3-1a","C3-1a",NA,50.288,0.68,0.03,4.93,278.34,0.1,170217,NA,NA,NA,NA,NA,NA,NA,NA,NA,NA,NA,NA,NA,NA,NA,NA,NA,NA,NA
"C3-1b","C3-1b",NA,47.28,0.25,0.01,4.54,110.1463174,0.1,170217,NA,NA,NA,NA,NA,NA,NA,NA,NA,NA,NA,NA,NA,NA,NA,NA,NA,NA,NA
"C3-2","C3-2",NA,49.796,0.76,0.03,1.82,313.3297813,0.1,170217,NA,NA,NA,NA,NA,NA,NA,NA,NA,NA,NA,NA,NA,NA,NA,NA,NA,NA,NA
"C3-3","C3-3",NA,47.319,0.23,0.01,3.24,100.0504868,0.1,170217,NA,NA,NA,NA,NA,NA,NA,NA,NA,NA,NA,NA,NA,NA,NA,NA,NA,NA,NA
"Chat-2","Chat-2",NA,51.63,1.13,0.05,2,451.31,0.1,170217,NA,NA,NA,NA,NA,NA,NA,NA,NA,NA,NA,NA,NA,NA,NA,NA,NA,NA,NA
"OD-11 0-5","OD-11 0-5","56",99.727,0.668,0.0136288439000165,-4.428,136.288439000165,0.1,230427,NA,NA,NA,NA,NA,NA,NA,NA,NA,NA,NA,NA,NA,NA,NA,NA,NA,NA,NA
"56","OD-11 0-5","56",100.22,0.471,0.00961838459120271,-3.396,96.1838459120271,0.1,230403,"OD-11 0-5",NA,NA,NA,NA,NA,NA,NA,NA,NA,NA,NA,NA,NA,NA,NA,NA,NA,NA
"OD-11 10","OD-11 10","57",100.045,2.281,0.0463900890605554,2.982,463.900890605554,0.1,230427,NA,NA,NA,NA,NA,NA,NA,NA,NA,NA,NA,NA,NA,NA,NA,NA,NA,NA,NA
"OD-11 100","OD-11 100","61",99.83,0.978,0.0199330195744948,-3.334,199.330195744948,0.1,230427,NA,NA,NA,NA,NA,NA,NA,NA,NA,NA,NA,NA,NA,NA,NA,NA,NA,NA,NA
"OD-11 140","OD-11 140","62",99.867,0.109,0.0022207506792754,6.817,22.207506792754,2,230427,NA,NA,NA,NA,NA,NA,NA,NA,NA,NA,NA,NA,NA,NA,NA,NA,NA,NA,NA
"OD-11 175","OD-11 175","63",100.038,0.071,0.00144407136977774,-1.632,14.4407136977774,2,230427,NA,NA,NA,NA,NA,NA,NA,NA,NA,NA,NA,NA,NA,NA,NA,NA,NA,NA,NA
"OD-11 200","OD-11 200","64",99.703,1.07,0.0218358881523354,0.798,218.358881523354,0.1,230427,NA,NA,NA,NA,NA,NA,NA,NA,NA,NA,NA,NA,NA,NA,NA,NA,NA,NA,NA
"OD-11 25","OD-11 25","58",99.879,0.131,0.00266865492194388,0.026,26.6865492194388,1,230427,NA,NA,NA,NA,NA,NA,NA,NA,NA,NA,NA,NA,NA,NA,NA,NA,NA,NA,NA
"OD-11 250","OD-11 250","65",100.323,1.284,0.0260411298280829,0.691,260.411298280829,0.1,230427,NA,NA,NA,NA,NA,NA,NA,NA,NA,NA,NA,NA,NA,NA,NA,NA,NA,NA,NA
"OD-11 300","OD-11 300","66",99.922,0.781,0.0159032258020064,3.399,159.032258020063,0.1,230427,NA,NA,NA,NA,NA,NA,NA,NA,NA,NA,NA,NA,NA,NA,NA,NA,NA,NA,NA
"OD-11 350","OD-11 350","67",100.277,0.127,0.00257690078547323,3.149,25.7690078547323,1,230427,NA,NA,NA,NA,NA,NA,NA,NA,NA,NA,NA,NA,NA,NA,NA,NA,NA,NA,NA
"OD-11 400","OD-11 400","68",99.712,0.375,0.00765207380123552,4.914,76.5207380123552,0.1,230427,NA,NA,NA,NA,NA,NA,NA,NA,NA,NA,NA,NA,NA,NA,NA,NA,NA,NA,NA
"OD-11 450","OD-11 450","69",100.192,0.065,0.00132000513378238,4.964,13.2000513378238,2,230427,NA,NA,NA,NA,NA,NA,NA,NA,NA,NA,NA,NA,NA,NA,NA,NA,NA,NA,NA
"OD-11 50","OD-11 50","59",99.805,3.377,0.0688452642478947,1.061,688.452642478947,0.1,230427,NA,NA,NA,NA,NA,NA,NA,NA,NA,NA,NA,NA,NA,NA,NA,NA,NA,NA,NA
"OD-11 500","OD-11 500","70",99.924,0.076,0.00154753005078602,-0.407,15.4753005078602,2,230427,NA,NA,NA,NA,NA,NA,NA,NA,NA,NA,NA,NA,NA,NA,NA,NA,NA,NA,NA
"OD-11 75","OD-11 75","60",100.223,0.108,0.00219256090783765,-1.164,21.9256090783765,2,230427,NA,NA,NA,NA,NA,NA,NA,NA,NA,NA,NA,NA,NA,NA,NA,NA,NA,NA,NA
"PM 310","PM10","71",99.919,0.303,0.00617006670360979,2.075,61.7006670360979,0.1,230427,NA,NA,NA,NA,NA,NA,NA,NA,NA,NA,NA,NA,NA,NA,NA,NA,NA,NA,NA
"PM-3 100","PM100","76",99.755,0.118,0.0024068146366202,7.541,24.068146366202,1,230427,NA,NA,NA,NA,NA,NA,NA,NA,NA,NA,NA,NA,NA,NA,NA,NA,NA,NA,NA
"PM 3122","PM122","77",99.986,0.915,0.0186198942071876,1.384,186.198942071876,0.1,230427,NA,NA,NA,NA,NA,NA,NA,NA,NA,NA,NA,NA,NA,NA,NA,NA,NA,NA,NA
"PM 315","PM15","72",99.81,0.267,0.0054429270714616,-9.024,54.429270714616,0.1,230427,NA,NA,"meta","schist","schist","no","0.15",NA,"yes","no","no",NA,"greenschist","foliated","fine","min",NA,"no","low"
"72","PM15","72",100.055,0.15,0.003068231274488,0.972,30.68231274488,1,230403,"PM15",NA,"meta","schist","schist","no","0.15",NA,"yes","no","no",NA,"greenschist","foliated","fine","min",NA,"no","low"
"PM 321","PM21","73",99.577,4.867,0.0994483582305801,-1.148,994.483582305801,0.1,230427,NA,NA,NA,NA,NA,NA,NA,NA,NA,NA,NA,NA,NA,NA,NA,NA,NA,NA,NA
"PM 350","PM50","74",100.006,0.479,0.00974551436764869,-0.571,97.4551436764869,0.1,230427,NA,NA,NA,NA,NA,NA,NA,NA,NA,NA,NA,NA,NA,NA,NA,NA,NA,NA,NA
"PM 375","PM75","75",99.873,0.21,0.0042782534459416,-2.251,42.782534459416,1,230427,NA,NA,NA,NA,NA,NA,NA,NA,NA,NA,NA,NA,NA,NA,NA,NA,NA,NA,NA
"TN503 L30","TN503 L30","78",99.753,0.078,0.00159097716596703,-5.519,15.9097716596703,2,230427,NA,NA,NA,NA,NA,NA,NA,NA,NA,NA,NA,NA,NA,NA,NA,NA,NA,NA,NA
"TN503L 110","TN503L 110","81",99.931,0.269,0.00545872263740395,3.175,54.5872263740395,0.1,230427,NA,NA,NA,NA,NA,NA,NA,NA,NA,NA,NA,NA,NA,NA,NA,NA,NA,NA,NA
"TN503L 150","TN503L 150","82",99.832,0.095,0.00192971341029321,2.522,19.2971341029321,2,230427,NA,NA,NA,NA,NA,NA,NA,NA,NA,NA,NA,NA,NA,NA,NA,NA,NA,NA,NA
"TN503L 200","TN503L 200","83",99.941,1.175,0.0238414770274736,2.729,238.414770274736,0.1,230427,NA,NA,NA,NA,NA,NA,NA,NA,NA,NA,NA,NA,NA,NA,NA,NA,NA,NA,NA
"TN503L 250","TN503L 250","84",100.1,1.902,0.0385314556741676,2.028,385.314556741676,0.1,230427,NA,NA,NA,NA,NA,NA,NA,NA,NA,NA,NA,NA,NA,NA,NA,NA,NA,NA,NA
"87","TN503L 298","87",100.406,1.026,0.0209133364575349,0.863,209.133364575349,0.1,230403,"TN503L 298",NA,"meta","peliticschist","schist","no","0.15",NA,"yes","no","no",NA,"eclogite","slightfoliation","fine-med","none",NA,"no","none"
"TN503L 298","TN503L 298","87",99.95,1.139,0.0231089337207456,0.87,231.089337207456,0.1,230427,NA,NA,"meta","peliticschist","schist","no","0.15",NA,"yes","no","no",NA,"eclogite","slightfoliation","fine-med","none",NA,"no","none"
"TN503L 300","TN503L 300","85",100.162,0.48,0.00971800752304088,1.484,97.1800752304088,0.1,230427,NA,NA,NA,NA,NA,NA,NA,NA,NA,NA,NA,NA,NA,NA,NA,NA,NA,NA,NA
"TN503L 50","TN503L 50","79",100.43,0.209,0.00423426595823501,-2.838,42.3426595823501,1,230427,NA,NA,NA,NA,NA,NA,NA,NA,NA,NA,NA,NA,NA,NA,NA,NA,NA,NA,NA
"TN503L 55","TN503L 55","86",99.952,1.045,0.0212013630636736,3.704,212.013630636736,0.1,230427,NA,NA,NA,NA,NA,NA,NA,NA,NA,NA,NA,NA,NA,NA,NA,NA,NA,NA,NA
"TN503L 75","TN503L 75","80",99.833,0.615,0.0125341908577807,4.061,125.341908577807,0.1,230427,NA,NA,NA,NA,NA,NA,NA,NA,NA,NA,NA,NA,NA,NA,NA,NA,NA,NA,NA
NA,NA,"16",NA,NA,NA,NA,NA,NA,NA,NA,NA,NA,NA,NA,NA,NA,NA,NA,NA,NA,NA,NA,NA,NA,NA,NA,NA,NA
NA,NA,"17",NA,NA,NA,NA,NA,NA,NA,NA,NA,NA,NA,NA,NA,NA,NA,NA,NA,NA,NA,NA,NA,NA,NA,NA,NA,NA
NA,NA,"33",NA,NA,NA,NA,NA,NA,NA,NA,NA,NA,NA,NA,NA,NA,NA,NA,NA,NA,NA,NA,NA,NA,NA,NA,NA,NA
NA,NA,"42",NA,NA,NA,NA,NA,NA,NA,NA,NA,NA,NA,NA,NA,NA,NA,NA,NA,NA,NA,NA,NA,NA,NA,NA,NA,NA
NA,NA,"44",NA,NA,NA,NA,NA,NA,NA,NA,NA,NA,NA,NA,NA,NA,NA,NA,NA,NA,NA,NA,NA,NA,NA,NA,NA,NA
NA,NA,"51",NA,NA,NA,NA,NA,NA,NA,NA,NA,NA,NA,NA,NA,NA,NA,NA,NA,NA,NA,NA,NA,NA,NA,NA,NA,NA
"ref/chk/peptone",NA,NA,0.378,2.771,14.896504236578,6.793,148965.04236578,0.1,230427,NA,NA,NA,NA,NA,NA,NA,NA,NA,NA,NA,NA,NA,NA,NA,NA,NA,NA,NA
"ref/chk/peptone",NA,NA,0.467,3.437,14.9555465896037,6.861,149555.465896037,0.1,230427,NA,NA,NA,NA,NA,NA,NA,NA,NA,NA,NA,NA,NA,NA,NA,NA,NA,NA,NA
"ref/chk/peptone",NA,NA,0.419,3.054,14.9173142726461,6.871,149173.142726461,0.1,230427,NA,NA,NA,NA,NA,NA,NA,NA,NA,NA,NA,NA,NA,NA,NA,NA,NA,NA,NA
"ref/chk/peptone",NA,NA,0.706,5.24,15.082253096608,6.905,150822.53096608,0.1,230427,NA,NA,NA,NA,NA,NA,NA,NA,NA,NA,NA,NA,NA,NA,NA,NA,NA,NA,NA
"ref/chk/peptone",NA,NA,0.364,2.693,15.0532501733749,6.919,150532.501733749,0.1,230427,NA,NA,NA,NA,NA,NA,NA,NA,NA,NA,NA,NA,NA,NA,NA,NA,NA,NA,NA
"ref/chk/peptone",NA,NA,0.388,2.969,15.6608057082724,6.919,NA,0.1,NA,NA,NA,NA,NA,NA,NA,NA,NA,NA,NA,NA,NA,NA,NA,NA,NA,NA,NA,NA
"ref/chk/peptone",NA,NA,0.663,4.854,14.9837967454985,6.926,149837.967454985,0.1,230427,NA,NA,NA,NA,NA,NA,NA,NA,NA,NA,NA,NA,NA,NA,NA,NA,NA,NA,NA
"ref/chk/peptone",NA,NA,0.685,5.095,15.2226143986426,6.937,152226.143986426,0.1,230427,NA,NA,NA,NA,NA,NA,NA,NA,NA,NA,NA,NA,NA,NA,NA,NA,NA,NA,NA
"ref/chk/peptone",NA,NA,0.357,2.719,15.4447176355774,6.975,154447.176355774,0.1,230427,NA,NA,NA,NA,NA,NA,NA,NA,NA,NA,NA,NA,NA,NA,NA,NA,NA,NA,NA
"ref/chk/peptone",NA,NA,0.418,3.046,14.8268511222861,6.977,148268.511222861,0.1,230427,NA,NA,NA,NA,NA,NA,NA,NA,NA,NA,NA,NA,NA,NA,NA,NA,NA,NA,NA
"ref/chk/peptone",NA,NA,0.626,4.756,15.4385728433262,7.012,154385.728433262,0.1,230427,NA,NA,NA,NA,NA,NA,NA,NA,NA,NA,NA,NA,NA,NA,NA,NA,NA,NA,NA
"ref/chk/peptone",NA,NA,0.525,4.076,15.7766398098774,7.023,157766.398098774,0.1,230427,NA,NA,NA,NA,NA,NA,NA,NA,NA,NA,NA,NA,NA,NA,NA,NA,NA,NA,NA
"ref/chk/peptone",NA,NA,0.499,3.689,14.9915691026623,7.029,149915.691026623,0.1,230427,NA,NA,NA,NA,NA,NA,NA,NA,NA,NA,NA,NA,NA,NA,NA,NA,NA,NA,NA
"ref/chk/peptone",NA,NA,0.316,2.387,15.318079449835,7.038,153180.79449835,0.1,230427,NA,NA,NA,NA,NA,NA,NA,NA,NA,NA,NA,NA,NA,NA,NA,NA,NA,NA,NA
"ref/chk/peptone",NA,NA,0.527,4.014,15.4456338119252,7.051,154456.338119252,0.1,230427,NA,NA,NA,NA,NA,NA,NA,NA,NA,NA,NA,NA,NA,NA,NA,NA,NA,NA,NA
"ref/chk/peptone",NA,NA,0.625,4.648,15.1314801202098,7.086,151314.801202098,0.1,230427,NA,NA,NA,NA,NA,NA,NA,NA,NA,NA,NA,NA,NA,NA,NA,NA,NA,NA,NA
"ref/chk/peptone",NA,NA,0.483,3.675,15.4614368576661,7.132,154614.368576661,0.1,230427,NA,NA,NA,NA,NA,NA,NA,NA,NA,NA,NA,NA,NA,NA,NA,NA,NA,NA,NA
"ref/chk/peptone",NA,NA,0.691,5.302,15.6119440284432,7.155,156119.440284432,0.1,230427,NA,NA,NA,NA,NA,NA,NA,NA,NA,NA,NA,NA,NA,NA,NA,NA,NA,NA,NA
"ref/chk/peptone",NA,NA,0.478,3.622,15.4175675154855,7.181,154175.675154855,0.1,230427,NA,NA,NA,NA,NA,NA,NA,NA,NA,NA,NA,NA,NA,NA,NA,NA,NA,NA,NA
"ref/chk/peptone",NA,NA,0.368,2.805,15.4890465663405,7.192,154890.465663405,0.1,230427,NA,NA,NA,NA,NA,NA,NA,NA,NA,NA,NA,NA,NA,NA,NA,NA,NA,NA,NA
"ref/chk/peptone",NA,NA,0.358,2.749,15.7154688749404,7.228,NA,0.1,230403,NA,NA,NA,NA,NA,NA,NA,NA,NA,NA,NA,NA,NA,NA,NA,NA,NA,NA,NA
"ref/chk/peptone",NA,NA,0.569,4.407,15.7589070402005,7.253,157589.070402005,0.1,230427,NA,NA,NA,NA,NA,NA,NA,NA,NA,NA,NA,NA,NA,NA,NA,NA,NA,NA,NA
NA,"12LF247A 1302-11",NA,NA,NA,NA,NA,NA,NA,NA,NA,"12LF247A","ig","granite","granite","no","0.15","0","yes","no",NA,NA,NA,NA,"very coarse",NA,NA,NA,NA
NA,"12LF247A H.S STN TX",NA,NA,NA,NA,NA,NA,NA,NA,NA,"12LF247A","ig","granite","granite","no","0.1","0.45","no","yes",NA,NA,NA,NA,"medium",NA,NA,NA,NA
NA,"81MR83",NA,NA,NA,NA,NA,NA,NA,NA,NA,"81MR083","meta","schist","schist","no","0.1",NA,"yes","yes","yes","small","greenschist","foliated","medium","low",NA,"joints ,folds","low"
